id,gid,x,y,v_x,v_y,radius,time
0,0,-8.993500,-1.000000,0.130000,0.000000,0.750000,0.050000
1,0,-8.993500,1.000000,0.130000,0.000000,0.750000,0.050000
2,1,-0.006500,0.000000,-0.130000,0.000000,0.750000,0.050000
0,0,-8.981150,-1.000000,0.247000,-0.000000,0.750000,0.100000
1,0,-8.981150,1.000000,0.247000,0.000000,0.750000,0.100000
2,1,-0.018850,0.000000,-0.247000,0.000000,0.750000,0.100000
0,0,-8.963535,-1.000000,0.352299,-0.000001,0.750000,0.150000
1,0,-8.963535,1.000000,0.352299,0.000001,0.750000,0.150000
2,1,-0.036465,0.000000,-0.352298,0.000000,0.750000,0.150000
0,0,-8.941182,-1.000000,0.447062,-0.000007,0.750000,0.200000
1,0,-8.941182,1.000000,0.447062,0.000007,0.750000,0.200000
2,1,-0.058818,0.000000,-0.447054,0.000000,0.750000,0.200000
0,0,-8.914565,-1.000002,0.532332,-0.000027,0.750000,0.250000
1,0,-8.914565,1.000002,0.532332,0.000027,0.750000,0.250000
2,1,-0.085433,0.000000,-0.532302,0.000000,0.750000,0.250000
0,0,-8.884113,-1.000005,0.609050,-0.000068,0.750000,0.300000
1,0,-8.884113,1.000005,0.609050,0.000068,0.750000,0.300000
2,1,-0.115881,0.000000,-0.608974,0.000000,0.750000,0.300000
0,0,-8.850210,-1.000012,0.678062,-0.000136,0.750000,0.350000
1,0,-8.850210,1.000012,0.678062,0.000136,0.750000,0.350000
2,1,-0.149777,0.000000,-0.677910,0.000000,0.750000,0.350000
0,0,-8.813203,-1.000024,0.740129,-0.000236,0.750000,0.400000
1,0,-8.813203,1.000024,0.740129,0.000236,0.750000,0.400000
2,1,-0.186770,0.000000,-0.739866,0.000000,0.750000,0.400000
0,0,-8.773406,-1.000042,0.795940,-0.000370,0.750000,0.450000
1,0,-8.773406,1.000042,0.795940,0.000370,0.750000,0.450000
2,1,-0.226547,0.000000,-0.795528,0.000000,0.750000,0.450000
0,0,-8.731100,-1.000069,0.846115,-0.000540,0.750000,0.500000
1,0,-8.731100,1.000069,0.846115,0.000540,0.750000,0.500000
2,1,-0.268822,0.000000,-0.845512,0.000000,0.750000,0.500000
0,0,-8.686540,-1.000107,0.891211,-0.000748,0.750000,0.550000
1,0,-8.686540,1.000107,0.891211,0.000748,0.750000,0.550000
2,1,-0.313341,0.000000,-0.890375,0.000000,0.750000,0.550000
0,0,-8.639953,-1.000156,0.931731,-0.000995,0.750000,0.600000
1,0,-8.639953,1.000156,0.931731,0.000995,0.750000,0.600000
2,1,-0.359872,0.000000,-0.930620,0.000000,0.750000,0.600000
0,0,-8.591547,-1.000221,0.968129,-0.001281,0.750000,0.650000
1,0,-8.591547,1.000221,0.968129,0.001281,0.750000,0.650000
2,1,-0.408207,0.000000,-0.966700,0.000000,0.750000,0.650000
0,0,-8.541506,-1.000301,1.000811,-0.001607,0.750000,0.700000
1,0,-8.541506,1.000301,1.000811,0.001607,0.750000,0.700000
2,1,-0.458158,0.000000,-0.999021,0.000000,0.750000,0.700000
0,0,-8.489999,-1.000399,1.030146,-0.001972,0.750000,0.750000
1,0,-8.489999,1.000399,1.030146,0.001972,0.750000,0.750000
2,1,-0.509555,0.000000,-1.027950,0.000000,0.750000,0.750000
0,0,-8.437176,-1.000518,1.056462,-0.002378,0.750000,0.800000
1,0,-8.437176,1.000518,1.056462,0.002378,0.750000,0.800000
2,1,-0.562246,0.000000,-1.053816,0.000000,0.750000,0.800000
0,0,-8.383173,-1.000660,1.080056,-0.002826,0.750000,0.850000
1,0,-8.383173,1.000660,1.080056,0.002826,0.750000,0.850000
2,1,-0.616092,0.000000,-1.076916,0.000000,0.750000,0.850000
0,0,-8.328113,-1.000825,1.101196,-0.003316,0.750000,0.900000
1,0,-8.328113,1.000825,1.101196,0.003316,0.750000,0.900000
2,1,-0.670968,0.000000,-1.097516,0.000000,0.750000,0.900000
0,0,-8.272107,-1.001018,1.120121,-0.003849,0.750000,0.950000
1,0,-8.272107,1.001018,1.120121,0.003849,0.750000,0.950000
2,1,-0.726760,0.000000,-1.115853,0.000000,0.750000,0.950000
0,0,-8.215255,-1.001239,1.137045,-0.004429,0.750000,1.000000
1,0,-8.215255,1.001239,1.137045,0.004429,0.750000,1.000000
2,1,-0.783367,0.000000,-1.132140,0.000000,0.750000,1.000000
0,0,-8.157647,-1.001492,1.152163,-0.005057,0.750000,1.050000
1,0,-8.157647,1.001492,1.152163,0.005057,0.750000,1.050000
2,1,-0.840696,0.000000,-1.146570,0.000000,0.750000,1.050000
0,0,-8.099365,-1.001779,1.165645,-0.005736,0.750000,1.100000
1,0,-8.099365,1.001779,1.165645,0.005736,0.750000,1.100000
2,1,-0.898661,0.000000,-1.159311,0.000000,0.750000,1.100000
0,0,-8.040482,-1.002103,1.177648,-0.006470,0.750000,1.150000
1,0,-8.040482,1.002103,1.177648,0.006470,0.750000,1.150000
2,1,-0.957187,0.000000,-1.170515,0.000000,0.750000,1.150000
0,0,-7.981067,-1.002466,1.188310,-0.007262,0.750000,1.200000
1,0,-7.981067,1.002466,1.188310,0.007262,0.750000,1.200000
2,1,-1.016203,0.000000,-1.180316,0.000000,0.750000,1.200000
0,0,-7.921179,-1.002872,1.197754,-0.008119,0.750000,1.250000
1,0,-7.921179,1.002872,1.197754,0.008119,0.750000,1.250000
2,1,-1.075645,0.000000,-1.188834,0.000000,0.750000,1.250000
0,0,-7.860875,-1.003324,1.206089,-0.009045,0.750000,1.300000
1,0,-7.860875,1.003324,1.206089,0.009045,0.750000,1.300000
2,1,-1.135453,0.000000,-1.196172,0.000000,0.750000,1.300000
0,0,-7.800204,-1.003826,1.213414,-0.010047,0.750000,1.350000
1,0,-7.800204,1.003826,1.213414,0.010047,0.750000,1.350000
2,1,-1.195574,0.000000,-1.202422,0.000000,0.750000,1.350000
0,0,-7.739213,-1.004383,1.219814,-0.011133,0.750000,1.400000
1,0,-7.739213,1.004383,1.219814,0.011133,0.750000,1.400000
2,1,-1.255958,0.000000,-1.207663,0.000000,0.750000,1.400000
0,0,-7.677945,-1.004998,1.225365,-0.012312,0.750000,1.450000
1,0,-7.677945,1.004998,1.225365,0.012312,0.750000,1.450000
2,1,-1.316556,0.000000,-1.211962,0.000000,0.750000,1.450000
0,0,-7.616438,-1.005678,1.230135,-0.013594,0.750000,1.500000
1,0,-7.616438,1.005678,1.230135,0.013594,0.750000,1.500000
2,1,-1.377325,0.000000,-1.215378,0.000000,0.750000,1.500000
0,0,-7.554729,-1.006428,1.234179,-0.014992,0.750000,1.550000
1,0,-7.554729,1.006428,1.234179,0.014992,0.750000,1.550000
2,1,-1.438222,0.000000,-1.217956,0.000000,0.750000,1.550000
0,0,-7.492852,-1.007254,1.237549,-0.016517,0.750000,1.600000
1,0,-7.492852,1.007254,1.237549,0.016517,0.750000,1.600000
2,1,-1.499209,0.000000,-1.219736,0.000000,0.750000,1.600000
0,0,-7.430838,-1.008163,1.240285,-0.018186,0.750000,1.650000
1,0,-7.430838,1.008163,1.240285,0.018186,0.750000,1.650000
2,1,-1.560246,0.000000,-1.220745,0.000000,0.750000,1.650000
0,0,-7.368717,-1.009164,1.242423,-0.020016,0.750000,1.700000
1,0,-7.368717,1.009164,1.242423,0.020016,0.750000,1.700000
2,1,-1.621297,0.000000,-1.221002,0.000000,0.750000,1.700000
0,0,-7.306517,-1.010265,1.243990,-0.022027,0.750000,1.750000
1,0,-7.306517,1.010265,1.243990,0.022027,0.750000,1.750000
2,1,-1.682323,0.000000,-1.220520,0.000000,0.750000,1.750000
0,0,-7.244267,-1.011477,1.245007,-0.024244,0.750000,1.800000
1,0,-7.244267,1.011477,1.245007,0.024244,0.750000,1.800000
2,1,-1.743288,0.000000,-1.219300,0.000000,0.750000,1.800000
0,0,-7.181992,-1.012812,1.245489,-0.026692,0.750000,1.850000
1,0,-7.181992,1.012812,1.245489,0.026692,0.750000,1.850000
2,1,-1.804154,0.000000,-1.217337,0.000000,0.750000,1.850000
0,0,-7.119720,-1.014282,1.245446,-0.029403,0.750000,1.900000
1,0,-7.119720,1.014282,1.245446,0.029403,0.750000,1.900000
2,1,-1.864885,0.000000,-1.214615,0.000000,0.750000,1.900000
0,0,-7.057476,-1.015903,1.244880,-0.032413,0.750000,1.950000
1,0,-7.057476,1.015903,1.244880,0.032413,0.750000,1.950000
2,1,-1.925441,0.000000,-1.211111,0.000000,0.750000,1.950000
0,0,-6.995287,-1.017691,1.243788,-0.035761,0.750000,2.000000
1,0,-6.995287,1.017691,1.243788,0.035761,0.750000,2.000000
2,1,-1.985780,0.000000,-1.206792,0.000000,0.750000,2.000000
0,0,-6.933178,-1.019666,1.242161,-0.039497,0.750000,2.050000
1,0,-6.933178,1.019666,1.242161,0.039497,0.750000,2.050000
2,1,-2.045861,0.000000,-1.201616,0.000000,0.750000,2.050000
0,0,-6.871179,-1.021849,1.239984,-0.043676,0.750000,2.100000
1,0,-6.871179,1.021849,1.239984,0.043676,0.750000,2.100000
2,1,-2.105638,0.000000,-1.195534,0.000000,0.750000,2.100000
0,0,-6.809317,-1.024267,1.237238,-0.048361,0.750000,2.150000
1,0,-6.809317,1.024267,1.237238,0.048361,0.750000,2.150000
2,1,-2.165062,0.000000,-1.188484,0.000000,0.750000,2.150000
0,0,-6.747623,-1.026949,1.233895,-0.053628,0.750000,2.200000
1,0,-6.747623,1.026949,1.233895,0.053628,0.750000,2.200000
2,1,-2.224082,0.000000,-1.180399,0.000000,0.750000,2.200000
0,0,-6.686126,-1.029927,1.229926,-0.059565,0.750000,2.250000
1,0,-6.686126,1.029927,1.229926,0.059565,0.750000,2.250000
2,1,-2.282642,0.000000,-1.171200,0.000000,0.750000,2.250000
0,0,-6.624861,-1.033241,1.225296,-0.066273,0.750000,2.300000
1,0,-6.624861,1.033241,1.225296,0.066273,0.750000,2.300000
2,1,-2.340682,0.000000,-1.160806,0.000000,0.750000,2.300000
0,0,-6.563863,-1.036934,1.219967,-0.073873,0.750000,2.350000
1,0,-6.563863,1.036934,1.219967,0.073873,0.750000,2.350000
2,1,-2.398138,0.000000,-1.149126,0.000000,0.750000,2.350000
0,0,-6.503168,-1.041060,1.213898,-0.082506,0.750000,2.400000
1,0,-6.503168,1.041060,1.213898,0.082506,0.750000,2.400000
2,1,-2.454942,0.000000,-1.136070,0.000000,0.750000,2.400000
0,0,-6.442816,-1.045677,1.207051,-0.092342,0.750000,2.450000
1,0,-6.442816,1.045677,1.207051,0.092342,0.750000,2.450000
2,1,-2.511019,0.000000,-1.121551,0.000000,0.750000,2.450000
0,0,-6.382846,-1.050856,1.199393,-0.103584,0.750000,2.500000
1,0,-6.382846,1.050856,1.199393,0.103584,0.750000,2.500000
2,1,-2.566294,0.000000,-1.105491,0.000000,0.750000,2.500000
0,0,-6.323301,-1.056680,1.190900,-0.116479,0.750000,2.550000
1,0,-6.323301,1.056680,1.190900,0.116479,0.750000,2.550000
2,1,-2.620686,0.000000,-1.087835,0.000000,0.750000,2.550000
0,0,-6.264223,-1.063247,1.181563,-0.131340,0.750000,2.600000
1,0,-6.264223,1.063247,1.181563,0.131340,0.750000,2.600000
2,1,-2.674114,0.000000,-1.068560,0.000000,0.750000,2.600000
0,0,-6.205653,-1.070676,1.171405,-0.148576,0.750000,2.650000
1,0,-6.205653,1.070676,1.171405,0.148576,0.750000,2.650000
2,1,-2.726499,0.000000,-1.047701,0.000000,0.750000,2.650000
0,0,-6.147628,-1.079114,1.160483,-0.168766,0.750000,2.700000
1,0,-6.147628,1.079114,1.160483,0.168766,0.750000,2.700000
2,1,-2.777767,0.000000,-1.025373,0.000000,0.750000,2.700000
0,0,-6.090183,-1.088755,1.148917,-0.192825,0.750000,2.750000
1,0,-6.090183,1.088755,1.148917,0.192825,0.750000,2.750000
2,1,-2.827858,0.000000,-1.001803,0.000000,0.750000,2.750000
0,0,-6.033338,-1.099881,1.136891,-0.222521,0.750000,2.800000
1,0,-6.033338,1.099881,1.136891,0.222521,0.750000,2.800000
2,1,-2.876726,0.000000,-0.977358,0.000000,0.750000,2.800000
0,0,-5.977109,-1.113022,1.124574,-0.262816,0.750000,2.850000
1,0,-5.977109,1.113022,1.124574,0.262816,0.750000,2.850000
2,1,-2.924344,0.000000,-0.952372,0.000000,0.750000,2.850000
0,0,-5.921735,-1.131435,1.107478,-0.368263,0.750000,2.900000
1,0,-5.921735,1.131435,1.107479,0.368263,0.750000,2.900000
2,1,-2.970237,0.000000,-0.917866,0.000000,0.750000,2.900000
0,0,-5.865399,-1.147950,1.126726,-0.330292,0.750000,2.950000
1,0,-5.865399,1.147950,1.126726,0.330292,0.750000,2.950000
2,1,-3.018041,0.000000,-0.956080,0.000000,0.750000,2.950000
0,0,-5.808197,-1.162748,1.144047,-0.295969,0.750000,3.000000
1,0,-5.808197,1.162748,1.144047,0.295969,0.750000,3.000000
2,1,-3.067565,0.000000,-0.990472,0.000000,0.750000,3.000000
0,0,-5.750215,-1.175995,1.159634,-0.264943,0.750000,3.050000
1,0,-5.750215,1.175995,1.159634,0.264943,0.750000,3.050000
2,1,-3.118636,0.000000,-1.021425,0.000000,0.750000,3.050000
0,0,-5.694729,-1.199688,1.109717,-0.473841,0.750000,3.100000
1,0,-5.694729,1.199687,1.109718,0.473838,0.750000,3.100000
2,1,-3.164706,0.000000,-0.921394,0.000003,0.750000,3.100000
0,0,-5.638293,-1.220922,1.128734,-0.424690,0.750000,3.150000
1,0,-5.638293,1.220922,1.128734,0.424688,0.750000,3.150000
2,1,-3.212669,0.000000,-0.959255,0.000002,0.750000,3.150000
0,0,-5.581000,-1.239935,1.145846,-0.380259,0.750000,3.200000
1,0,-5.581000,1.239935,1.145846,0.380257,0.750000,3.200000
2,1,-3.262335,0.000000,-0.993329,0.000002,0.750000,3.200000
0,0,-5.522938,-1.256940,1.161243,-0.340095,0.750000,3.250000
1,0,-5.522938,1.256939,1.161244,0.340093,0.750000,3.250000
2,1,-3.313535,0.000000,-1.023997,0.000002,0.750000,3.250000
0,0,-5.464183,-1.272129,1.175099,-0.303785,0.750000,3.300000
1,0,-5.464183,1.272128,1.175099,0.303784,0.750000,3.300000
2,1,-3.366115,0.000001,-1.051597,0.000002,0.750000,3.300000
0,0,-5.404805,-1.285677,1.187566,-0.270962,0.750000,3.350000
1,0,-5.404805,1.285676,1.187566,0.270960,0.750000,3.350000
2,1,-3.419937,0.000001,-1.076437,0.000002,0.750000,3.350000
0,0,-5.344866,-1.297741,1.198784,-0.241288,0.750000,3.400000
1,0,-5.344866,1.297741,1.198784,0.241286,0.750000,3.400000
2,1,-3.474876,0.000001,-1.098793,0.000001,0.750000,3.400000
0,0,-5.296302,-1.334806,0.971275,-0.741288,0.750000,3.450000
1,0,-5.296302,1.334805,0.971279,0.741286,0.750000,3.450000
2,1,-3.507062,0.000007,-0.643713,0.000117,0.750000,3.450000
0,0,-5.246096,-1.368012,1.004112,-0.664115,0.750000,3.500000
1,0,-5.246096,1.368011,1.004115,0.664114,0.750000,3.500000
2,1,-3.542529,0.000012,-0.709342,0.000105,0.750000,3.500000
0,0,-5.194414,-1.397729,1.033657,-0.594347,0.750000,3.550000
1,0,-5.194413,1.397728,1.033660,0.594346,0.750000,3.550000
2,1,-3.580949,0.000017,-0.768408,0.000095,0.750000,3.550000
0,0,-5.141402,-1.424292,1.060240,-0.531271,0.750000,3.600000
1,0,-5.141401,1.424292,1.060243,0.531270,0.750000,3.600000
2,1,-3.622028,0.000021,-0.821567,0.000085,0.750000,3.600000
0,0,-5.087194,-1.448005,1.084158,-0.474245,0.750000,3.650000
1,0,-5.087193,1.448004,1.084161,0.474244,0.750000,3.650000
2,1,-3.665498,0.000025,-0.869410,0.000076,0.750000,3.650000
0,0,-5.031910,-1.469139,1.105676,-0.422688,0.750000,3.700000
1,0,-5.031909,1.469138,1.105679,0.422688,0.750000,3.700000
2,1,-3.711122,0.000028,-0.912469,0.000068,0.750000,3.700000
0,0,-4.975658,-1.487943,1.125036,-0.376076,0.750000,3.750000
1,0,-4.975657,1.487942,1.125038,0.376075,0.750000,3.750000
2,1,-3.758683,0.000031,-0.951222,0.000061,0.750000,3.750000
0,0,-4.918535,-1.504640,1.142453,-0.333932,0.750000,3.800000
1,0,-4.918534,1.504638,1.142455,0.333931,0.750000,3.800000
2,1,-3.807988,0.000034,-0.986100,0.000055,0.750000,3.800000
0,0,-4.860629,-1.519431,1.158123,-0.295828,0.750000,3.850000
1,0,-4.860628,1.519430,1.158124,0.295828,0.750000,3.850000
2,1,-3.858862,0.000036,-1.017490,0.000049,0.750000,3.850000
0,0,-4.802018,-1.532500,1.172219,-0.261377,0.750000,3.900000
1,0,-4.802017,1.532499,1.172221,0.261377,0.750000,3.900000
2,1,-3.911149,0.000038,-1.045741,0.000044,0.750000,3.900000
0,0,-4.742773,-1.544011,1.184901,-0.230228,0.750000,3.950000
1,0,-4.742772,1.544010,1.184902,0.230227,0.750000,3.950000
2,1,-3.964708,0.000040,-1.071167,0.000039,0.750000,3.950000
0,0,-4.682958,-1.554114,1.196309,-0.202063,0.750000,4.000000
1,0,-4.682956,1.554113,1.196310,0.202063,0.750000,4.000000
2,1,-4.019410,0.000042,-1.094050,0.000035,0.750000,4.000000
0,0,-4.622629,-1.562944,1.206572,-0.176596,0.750000,4.050000
1,0,-4.622628,1.562943,1.206573,0.176596,0.750000,4.050000
2,1,-4.075143,0.000044,-1.114645,0.000031,0.750000,4.050000
0,0,-4.561839,-1.570623,1.215803,-0.153569,0.750000,4.100000
1,0,-4.561837,1.570621,1.215805,0.153569,0.750000,4.100000
2,1,-4.131802,0.000045,-1.133181,0.000027,0.750000,4.100000
0,0,-4.500634,-1.577260,1.224108,-0.132747,0.750000,4.150000
1,0,-4.500632,1.577259,1.224109,0.132747,0.750000,4.150000
2,1,-4.189295,0.000046,-1.149863,0.000024,0.750000,4.150000
0,0,-4.439055,-1.582956,1.231579,-0.113919,0.750000,4.200000
1,0,-4.439053,1.582955,1.231580,0.113919,0.750000,4.200000
2,1,-4.247539,0.000047,-1.164876,0.000021,0.750000,4.200000
0,0,-4.377140,-1.587801,1.238299,-0.096893,0.750000,4.250000
1,0,-4.377138,1.587799,1.238300,0.096893,0.750000,4.250000
2,1,-4.306458,0.000048,-1.178389,0.000018,0.750000,4.250000
0,0,-4.314923,-1.591875,1.244344,-0.081497,0.750000,4.300000
1,0,-4.314921,1.591874,1.244344,0.081497,0.750000,4.300000
2,1,-4.365985,0.000049,-1.190550,0.000016,0.750000,4.300000
0,0,-4.252434,-1.595254,1.249781,-0.067574,0.750000,4.350000
1,0,-4.252432,1.595253,1.249782,0.067574,0.750000,4.350000
2,1,-4.426060,0.000050,-1.201495,0.000014,0.750000,4.350000
0,0,-4.189700,-1.598003,1.254672,-0.054984,0.750000,4.400000
1,0,-4.189698,1.598002,1.254672,0.054984,0.750000,4.400000
2,1,-4.486627,0.000050,-1.211345,0.000012,0.750000,4.400000
0,0,-4.126746,-1.600183,1.259071,-0.043597,0.750000,4.450000
1,0,-4.126744,1.600182,1.259072,0.043597,0.750000,4.450000
2,1,-4.547638,0.000051,-1.220211,0.000010,0.750000,4.450000
0,0,-4.063595,-1.601848,1.263028,-0.033300,0.750000,4.500000
1,0,-4.063593,1.601847,1.263029,0.033300,0.750000,4.500000
2,1,-4.609047,0.000051,-1.228190,0.000009,0.750000,4.500000
0,0,-4.000266,-1.603048,1.266588,-0.023987,0.750000,4.550000
1,0,-4.000264,1.603046,1.266588,0.023987,0.750000,4.550000
2,1,-4.670816,0.000052,-1.235371,0.000007,0.750000,4.550000
0,0,-3.936776,-1.603826,1.269789,-0.015565,0.750000,4.600000
1,0,-3.936774,1.603825,1.269790,0.015565,0.750000,4.600000
2,1,-4.732908,0.000052,-1.241834,0.000006,0.750000,4.600000
0,0,-3.873143,-1.604223,1.272669,-0.007947,0.750000,4.650000
1,0,-3.873141,1.604222,1.272669,0.007947,0.750000,4.650000
2,1,-4.795290,0.000052,-1.247650,0.000005,0.750000,4.650000
0,0,-3.809380,-1.604276,1.275259,-0.001057,0.750000,4.700000
1,0,-3.809378,1.604275,1.275260,0.001057,0.750000,4.700000
2,1,-4.857934,0.000052,-1.252885,0.000004,0.750000,4.700000
0,0,-3.745500,-1.604017,1.277589,0.005174,0.750000,4.750000
1,0,-3.745498,1.604016,1.277589,-0.005174,0.750000,4.750000
2,1,-4.920814,0.000052,-1.257597,0.000003,0.750000,4.750000
0,0,-3.681516,-1.603477,1.279684,0.010811,0.750000,4.800000
1,0,-3.681514,1.603475,1.279685,-0.010811,0.750000,4.800000
2,1,-4.983906,0.000052,-1.261837,0.000002,0.750000,4.800000
0,0,-3.617438,-1.602681,1.281569,0.015909,0.750000,4.850000
1,0,-3.617435,1.602680,1.281569,-0.015909,0.750000,4.850000
2,1,-5.047189,0.000053,-1.265653,0.000001,0.750000,4.850000
0,0,-3.553274,-1.601655,1.283264,0.020521,0.750000,4.900000
1,0,-3.553272,1.601654,1.283264,-0.020521,0.750000,4.900000
2,1,-5.110643,0.000053,-1.269088,0.000000,0.750000,4.900000
0,0,-3.489035,-1.600421,1.284789,0.024692,0.750000,4.950000
1,0,-3.489033,1.600419,1.284789,-0.024692,0.750000,4.950000
2,1,-5.174252,0.000053,-1.272179,-0.000000,0.750000,4.950000
0,0,-3.424727,-1.598997,1.286160,0.028466,0.750000,5.000000
1,0,-3.424725,1.598996,1.286160,-0.028465,0.750000,5.000000
2,1,-5.238000,0.000052,-1.274961,-0.000001,0.750000,5.000000
0,0,-3.360357,-1.597403,1.287393,0.031879,0.750000,5.050000
1,0,-3.360355,1.597402,1.287393,-0.031879,0.750000,5.050000
2,1,-5.301874,0.000052,-1.277465,-0.000002,0.750000,5.050000
0,0,-3.295932,-1.595655,1.288502,0.034967,0.750000,5.100000
1,0,-3.295930,1.595654,1.288502,-0.034967,0.750000,5.100000
2,1,-5.365859,0.000052,-1.279719,-0.000002,0.750000,5.100000
0,0,-3.231457,-1.593767,1.289500,0.037760,0.750000,5.150000
1,0,-3.231455,1.593766,1.289500,-0.037760,0.750000,5.150000
2,1,-5.429947,0.000052,-1.281747,-0.000002,0.750000,5.150000
0,0,-3.166937,-1.591753,1.290397,0.040287,0.750000,5.200000
1,0,-3.166935,1.591751,1.290397,-0.040287,0.750000,5.200000
2,1,-5.494125,0.000052,-1.283572,-0.000003,0.750000,5.200000
0,0,-3.102377,-1.589624,1.291204,0.042573,0.750000,5.250000
1,0,-3.102375,1.589623,1.291204,-0.042573,0.750000,5.250000
2,1,-5.558386,0.000052,-1.285215,-0.000003,0.750000,5.250000
0,0,-3.037781,-1.587392,1.291929,0.044641,0.750000,5.300000
1,0,-3.037779,1.587391,1.291929,-0.044641,0.750000,5.300000
2,1,-5.622721,0.000052,-1.286693,-0.000004,0.750000,5.300000
0,0,-2.973152,-1.585066,1.292582,0.046511,0.750000,5.350000
1,0,-2.973150,1.585065,1.292582,-0.046511,0.750000,5.350000
2,1,-5.687122,0.000051,-1.288024,-0.000004,0.750000,5.350000
0,0,-2.908493,-1.582656,1.293169,0.048203,0.750000,5.400000
1,0,-2.908491,1.582655,1.293169,-0.048203,0.750000,5.400000
2,1,-5.751583,0.000051,-1.289222,-0.000004,0.750000,5.400000
0,0,-2.843808,-1.580170,1.293696,0.049734,0.750000,5.450000
1,0,-2.843806,1.580168,1.293697,-0.049733,0.750000,5.450000
2,1,-5.816098,0.000051,-1.290299,-0.000004,0.750000,5.450000
0,0,-2.779100,-1.577614,1.294171,0.051117,0.750000,5.500000
1,0,-2.779098,1.577612,1.294171,-0.051117,0.750000,5.500000
2,1,-5.880662,0.000051,-1.291270,-0.000005,0.750000,5.500000
0,0,-2.714370,-1.574995,1.294598,0.052369,0.750000,5.550000
1,0,-2.714368,1.574994,1.294598,-0.052369,0.750000,5.550000
2,1,-5.945269,0.000051,-1.292143,-0.000005,0.750000,5.550000
0,0,-2.649621,-1.572320,1.294982,0.053501,0.750000,5.600000
1,0,-2.649619,1.572319,1.294982,-0.053501,0.750000,5.600000
2,1,-6.009915,0.000050,-1.292928,-0.000005,0.750000,5.600000
0,0,-2.584854,-1.569594,1.295327,0.054524,0.750000,5.650000
1,0,-2.584852,1.569593,1.295327,-0.054524,0.750000,5.650000
2,1,-6.074597,0.000050,-1.293636,-0.000005,0.750000,5.650000
0,0,-2.520073,-1.566822,1.295638,0.055449,0.750000,5.700000
1,0,-2.520070,1.566820,1.295638,-0.055449,0.750000,5.700000
2,1,-6.139310,0.000050,-1.294272,-0.000005,0.750000,5.700000
0,0,-2.455277,-1.564007,1.295917,0.056286,0.750000,5.750000
1,0,-2.455275,1.564006,1.295917,-0.056286,0.750000,5.750000
2,1,-6.204053,0.000050,-1.294845,-0.000005,0.750000,5.750000
0,0,-2.390468,-1.561155,1.296168,0.057042,0.750000,5.800000
1,0,-2.390466,1.561154,1.296168,-0.057042,0.750000,5.800000
2,1,-6.268821,0.000049,-1.295360,-0.000005,0.750000,5.800000
0,0,-2.325649,-1.558269,1.296394,0.057726,0.750000,5.850000
1,0,-2.325647,1.558268,1.296394,-0.057726,0.750000,5.850000
2,1,-6.333612,0.000049,-1.295824,-0.000006,0.750000,5.850000
0,0,-2.260819,-1.555352,1.296597,0.058344,0.750000,5.900000
1,0,-2.260817,1.555350,1.296597,-0.058343,0.750000,5.900000
2,1,-6.398424,0.000049,-1.296242,-0.000006,0.750000,5.900000
0,0,-2.195980,-1.552407,1.296779,0.058902,0.750000,5.950000
1,0,-2.195978,1.552405,1.296779,-0.058902,0.750000,5.950000
2,1,-6.463255,0.000048,-1.296618,-0.000006,0.750000,5.950000
0,0,-2.131133,-1.549436,1.296943,0.059406,0.750000,6.000000
1,0,-2.131131,1.549435,1.296943,-0.059406,0.750000,6.000000
2,1,-6.528103,0.000048,-1.296956,-0.000006,0.750000,6.000000
0,0,-2.066278,-1.546443,1.297091,0.059862,0.750000,6.050000
1,0,-2.066276,1.546442,1.297091,-0.059862,0.750000,6.050000
2,1,-6.592966,0.000048,-1.297260,-0.000006,0.750000,6.050000
0,0,-2.001417,-1.543429,1.297224,0.060274,0.750000,6.100000
1,0,-2.001415,1.543428,1.297224,-0.060274,0.750000,6.100000
2,1,-6.657842,0.000048,-1.297534,-0.000006,0.750000,6.100000
0,0,-1.936550,-1.540397,1.297343,0.060646,0.750000,6.150000
1,0,-1.936548,1.540396,1.297343,-0.060646,0.750000,6.150000
2,1,-6.722731,0.000047,-1.297781,-0.000006,0.750000,6.150000
0,0,-1.871677,-1.537348,1.297450,0.060982,0.750000,6.200000
1,0,-1.871675,1.537347,1.297450,-0.060981,0.750000,6.200000
2,1,-6.787632,0.000047,-1.298003,-0.000006,0.750000,6.200000
0,0,-1.806800,-1.534284,1.297547,0.061285,0.750000,6.250000
1,0,-1.806798,1.534283,1.297547,-0.061285,0.750000,6.250000
2,1,-6.852542,0.000047,-1.298202,-0.000006,0.750000,6.250000
0,0,-1.741918,-1.531206,1.297633,0.061558,0.750000,6.300000
1,0,-1.741916,1.531205,1.297633,-0.061558,0.750000,6.300000
2,1,-6.917461,0.000046,-1.298382,-0.000006,0.750000,6.300000
0,0,-1.677033,-1.528116,1.297711,0.061805,0.750000,6.350000
1,0,-1.677031,1.528114,1.297711,-0.061805,0.750000,6.350000
2,1,-6.982388,0.000046,-1.298544,-0.000006,0.750000,6.350000
0,0,-1.612144,-1.525014,1.297782,0.062028,0.750000,6.400000
1,0,-1.612142,1.525013,1.297782,-0.062028,0.750000,6.400000
2,1,-7.047323,0.000046,-1.298690,-0.000006,0.750000,6.400000
0,0,-1.547252,-1.521903,1.297845,0.062229,0.750000,6.450000
1,0,-1.547249,1.521902,1.297845,-0.062229,0.750000,6.450000
2,1,-7.112264,0.000045,-1.298821,-0.000006,0.750000,6.450000
0,0,-1.482356,-1.518782,1.297901,0.062411,0.750000,6.500000
1,0,-1.482354,1.518781,1.297901,-0.062410,0.750000,6.500000
2,1,-7.177211,0.000045,-1.298939,-0.000006,0.750000,6.500000
0,0,-1.417459,-1.515654,1.297952,0.062574,0.750000,6.550000
1,0,-1.417457,1.515652,1.297952,-0.062574,0.750000,6.550000
2,1,-7.242163,0.000045,-1.299045,-0.000006,0.750000,6.550000
0,0,-1.352559,-1.512517,1.297998,0.062721,0.750000,6.600000
1,0,-1.352557,1.512516,1.297998,-0.062721,0.750000,6.600000
2,1,-7.307120,0.000044,-1.299140,-0.000006,0.750000,6.600000
0,0,-1.287657,-1.509375,1.298039,0.062854,0.750000,6.650000
1,0,-1.287655,1.509374,1.298039,-0.062853,0.750000,6.650000
2,1,-7.372081,0.000044,-1.299226,-0.000006,0.750000,6.650000
0,0,-1.222753,-1.506226,1.298076,0.062973,0.750000,6.700000
1,0,-1.222751,1.506225,1.298076,-0.062973,0.750000,6.700000
2,1,-7.437046,0.000044,-1.299304,-0.000006,0.750000,6.700000
0,0,-1.157848,-1.503072,1.298109,0.063080,0.750000,6.750000
1,0,-1.157846,1.503071,1.298110,-0.063080,0.750000,6.750000
2,1,-7.502015,0.000043,-1.299373,-0.000006,0.750000,6.750000
0,0,-1.092941,-1.499913,1.298139,0.063176,0.750000,6.800000
1,0,-1.092939,1.499912,1.298139,-0.063176,0.750000,6.800000
2,1,-7.566987,0.000043,-1.299436,-0.000006,0.750000,6.800000
0,0,-1.028032,-1.496750,1.298166,0.063263,0.750000,6.850000
1,0,-1.028030,1.496749,1.298166,-0.063263,0.750000,6.850000
2,1,-7.631961,0.000043,-1.299492,-0.000007,0.750000,6.850000
0,0,-0.963123,-1.493583,1.298190,0.063341,0.750000,6.900000
1,0,-0.963121,1.493582,1.298190,-0.063341,0.750000,6.900000
2,1,-7.696938,0.000042,-1.299543,-0.000007,0.750000,6.900000
0,0,-0.898212,-1.490413,1.298212,0.063410,0.750000,6.950000
1,0,-0.898210,1.490412,1.298212,-0.063410,0.750000,6.950000
2,1,-7.761918,0.000042,-1.299589,-0.000007,0.750000,6.950000
0,0,-0.833301,-1.487239,1.298232,0.063472,0.750000,7.000000
1,0,-0.833299,1.487238,1.298232,-0.063472,0.750000,7.000000
2,1,-7.826899,0.000042,-1.299630,-0.000007,0.750000,7.000000
0,0,-0.768388,-1.484063,1.298249,0.063528,0.750000,7.050000
1,0,-0.768386,1.484062,1.298249,-0.063528,0.750000,7.050000
2,1,-7.891883,0.000041,-1.299667,-0.000007,0.750000,7.050000
0,0,-0.703475,-1.480884,1.298265,0.063578,0.750000,7.100000
1,0,-0.703473,1.480883,1.298265,-0.063578,0.750000,7.100000
2,1,-7.956868,0.000041,-1.299700,-0.000007,0.750000,7.100000
0,0,-0.638561,-1.477703,1.298279,0.063622,0.750000,7.150000
1,0,-0.638559,1.477702,1.298279,-0.063622,0.750000,7.150000
2,1,-8.021854,0.000041,-1.299730,-0.000007,0.750000,7.150000
0,0,-0.573646,-1.474520,1.298292,0.063661,0.750000,7.200000
1,0,-0.573644,1.474519,1.298292,-0.063661,0.750000,7.200000
2,1,-8.086842,0.000040,-1.299757,-0.000007,0.750000,7.200000
0,0,-0.508731,-1.471335,1.298303,0.063696,0.750000,7.250000
1,0,-0.508729,1.471334,1.298303,-0.063696,0.750000,7.250000
2,1,-8.151831,0.000040,-1.299781,-0.000007,0.750000,7.250000
0,0,-0.443816,-1.468148,1.298314,0.063726,0.750000,7.300000
1,0,-0.443813,1.468147,1.298314,-0.063726,0.750000,7.300000
2,1,-8.216821,0.000040,-1.299803,-0.000007,0.750000,7.300000
0,0,-0.378899,-1.464961,1.298323,0.063753,0.750000,7.350000
1,0,-0.378897,1.464960,1.298323,-0.063753,0.750000,7.350000
2,1,-8.281813,0.000040,-1.299823,-0.000007,0.750000,7.350000
0,0,-0.313983,-1.461772,1.298331,0.063777,0.750000,7.400000
1,0,-0.313981,1.461771,1.298331,-0.063777,0.750000,7.400000
2,1,-8.346805,0.000039,-1.299841,-0.000007,0.750000,7.400000
0,0,-0.249066,-1.458582,1.298338,0.063797,0.750000,7.450000
1,0,-0.249064,1.458581,1.298338,-0.063797,0.750000,7.450000
2,1,-8.411797,0.000039,-1.299857,-0.000007,0.750000,7.450000
0,0,-0.184149,-1.455391,1.298345,0.063815,0.750000,7.500000
1,0,-0.184147,1.455390,1.298345,-0.063815,0.750000,7.500000
2,1,-8.476791,0.000039,-1.299871,-0.000007,0.750000,7.500000
0,0,-0.119231,-1.452200,1.298351,0.063830,0.750000,7.550000
1,0,-0.119229,1.452199,1.298351,-0.063830,0.750000,7.550000
2,1,-8.541785,0.000038,-1.299884,-0.000007,0.750000,7.550000
0,0,-0.054313,-1.449008,1.298356,0.063843,0.750000,7.600000
1,0,-0.054311,1.449007,1.298356,-0.063843,0.750000,7.600000
2,1,-8.606780,0.000038,-1.299895,-0.000007,0.750000,7.600000
0,0,0.010605,-1.445815,1.298361,0.063854,0.750000,7.650000
1,0,0.010607,1.445814,1.298361,-0.063854,0.750000,7.650000
2,1,-8.671775,0.000038,-1.299906,-0.000007,0.750000,7.650000
0,0,0.075523,-1.442622,1.298366,0.063863,0.750000,7.700000
1,0,0.075525,1.442621,1.298366,-0.063862,0.750000,7.700000
2,1,-8.736771,0.000037,-1.299915,-0.000007,0.750000,7.700000
0,0,0.140441,-1.439428,1.298369,0.063870,0.750000,7.750000
1,0,0.140444,1.439427,1.298369,-0.063869,0.750000,7.750000
2,1,-8.801767,0.000037,-1.299924,-0.000007,0.750000,7.750000
0,0,0.205360,-1.436235,1.298373,0.063875,0.750000,7.800000
1,0,0.205362,1.436234,1.298373,-0.063875,0.750000,7.800000
2,1,-8.866764,0.000037,-1.299931,-0.000007,0.750000,7.800000
0,0,0.270279,-1.433041,1.298376,0.063879,0.750000,7.850000
1,0,0.270281,1.433040,1.298376,-0.063879,0.750000,7.850000
2,1,-8.931761,0.000036,-1.299938,-0.000007,0.750000,7.850000
0,0,0.335198,-1.429847,1.298379,0.063881,0.750000,7.900000
1,0,0.335200,1.429846,1.298379,-0.063881,0.750000,7.900000
2,1,-8.996758,0.000036,-1.299944,-0.000007,0.750000,7.900000
0,0,0.400117,-1.426652,1.298381,0.063882,0.750000,7.950000
1,0,0.400119,1.426652,1.298381,-0.063882,0.750000,7.950000
2,1,-9.061755,0.000036,-1.299950,-0.000007,0.750000,7.950000
0,0,0.465036,-1.423458,1.298383,0.063882,0.750000,8.000000
1,0,0.465038,1.423457,1.298383,-0.063882,0.750000,8.000000
2,1,-9.126753,0.000035,-1.299955,-0.000007,0.750000,8.000000
0,0,0.529955,-1.420264,1.298385,0.063881,0.750000,8.050000
1,0,0.529957,1.420263,1.298385,-0.063881,0.750000,8.050000
2,1,-9.191751,0.000035,-1.299960,-0.000007,0.750000,8.050000
0,0,0.594875,-1.417070,1.298387,0.063879,0.750000,8.100000
1,0,0.594877,1.417069,1.298387,-0.063879,0.750000,8.100000
2,1,-9.256749,0.000035,-1.299964,-0.000007,0.750000,8.100000
0,0,0.659794,-1.413877,1.298389,0.063876,0.750000,8.150000
1,0,0.659796,1.413876,1.298389,-0.063876,0.750000,8.150000
2,1,-9.321748,0.000034,-1.299967,-0.000007,0.750000,8.150000
0,0,0.724714,-1.410683,1.298390,0.063872,0.750000,8.200000
1,0,0.724716,1.410682,1.298390,-0.063872,0.750000,8.200000
2,1,-9.386746,0.000034,-1.299970,-0.000007,0.750000,8.200000
0,0,0.789633,-1.407490,1.298391,0.063867,0.750000,8.250000
1,0,0.789635,1.407489,1.298391,-0.063867,0.750000,8.250000
2,1,-9.451745,0.000034,-1.299973,-0.000007,0.750000,8.250000
0,0,0.854553,-1.404296,1.298392,0.063862,0.750000,8.300000
1,0,0.854555,1.404296,1.298392,-0.063861,0.750000,8.300000
2,1,-9.516744,0.000033,-1.299976,-0.000007,0.750000,8.300000
0,0,0.919472,-1.401104,1.298393,0.063855,0.750000,8.350000
1,0,0.919475,1.401103,1.298393,-0.063855,0.750000,8.350000
2,1,-9.581743,0.000033,-1.299978,-0.000007,0.750000,8.350000
0,0,0.984392,-1.397911,1.298394,0.063848,0.750000,8.400000
1,0,0.984394,1.397910,1.298394,-0.063848,0.750000,8.400000
2,1,-9.646742,0.000033,-1.299981,-0.000007,0.750000,8.400000
0,0,1.049312,-1.394719,1.298395,0.063840,0.750000,8.450000
1,0,1.049314,1.394718,1.298395,-0.063840,0.750000,8.450000
2,1,-9.711741,0.000032,-1.299983,-0.000007,0.750000,8.450000
0,0,1.114232,-1.391528,1.298395,0.063832,0.750000,8.500000
1,0,1.114234,1.391527,1.298395,-0.063832,0.750000,8.500000
2,1,-9.776740,0.000032,-1.299984,-0.000007,0.750000,8.500000
0,0,1.179151,-1.388337,1.298396,0.063823,0.750000,8.550000
1,0,1.179154,1.388336,1.298396,-0.063823,0.750000,8.550000
2,1,-9.841739,0.000032,-1.299986,-0.000007,0.750000,8.550000
0,0,1.244071,-1.385146,1.298396,0.063813,0.750000,8.600000
1,0,1.244073,1.385145,1.298396,-0.063813,0.750000,8.600000
2,1,-9.906739,0.000031,-1.299987,-0.000007,0.750000,8.600000
0,0,1.308991,-1.381956,1.298397,0.063803,0.750000,8.650000
1,0,1.308993,1.381955,1.298397,-0.063803,0.750000,8.650000
2,1,-9.971738,0.000031,-1.299989,-0.000007,0.750000,8.650000
0,0,1.373911,-1.378766,1.298397,0.063792,0.750000,8.700000
1,0,1.373913,1.378765,1.298397,-0.063792,0.750000,8.700000
2,1,-10.036738,0.000031,-1.299990,-0.000007,0.750000,8.700000
0,0,1.438831,-1.375577,1.298397,0.063781,0.750000,8.750000
1,0,1.438833,1.375576,1.298397,-0.063781,0.750000,8.750000
2,1,-10.101737,0.000030,-1.299991,-0.000007,0.750000,8.750000
0,0,1.503751,-1.372389,1.298397,0.063769,0.750000,8.800000
1,0,1.503753,1.372388,1.298397,-0.063769,0.750000,8.800000
2,1,-10.166737,0.000030,-1.299992,-0.000007,0.750000,8.800000
0,0,1.568671,-1.369201,1.298398,0.063756,0.750000,8.850000
1,0,1.568673,1.369200,1.298398,-0.063756,0.750000,8.850000
2,1,-10.231736,0.000030,-1.299992,-0.000007,0.750000,8.850000
0,0,1.633590,-1.366014,1.298398,0.063743,0.750000,8.900000
1,0,1.633593,1.366013,1.298398,-0.063743,0.750000,8.900000
2,1,-10.296736,0.000029,-1.299993,-0.000007,0.750000,8.900000
0,0,1.698510,-1.362827,1.298398,0.063730,0.750000,8.950000
1,0,1.698512,1.362826,1.298398,-0.063730,0.750000,8.950000
2,1,-10.361736,0.000029,-1.299994,-0.000007,0.750000,8.950000
0,0,1.763430,-1.359641,1.298398,0.063716,0.750000,9.000000
1,0,1.763432,1.359641,1.298398,-0.063716,0.750000,9.000000
2,1,-10.426735,0.000029,-1.299995,-0.000007,0.750000,9.000000
0,0,1.828350,-1.356456,1.298398,0.063701,0.750000,9.050000
1,0,1.828352,1.356456,1.298398,-0.063701,0.750000,9.050000
2,1,-10.491735,0.000028,-1.299995,-0.000007,0.750000,9.050000
0,0,1.893270,-1.353272,1.298398,0.063686,0.750000,9.100000
1,0,1.893272,1.353271,1.298398,-0.063686,0.750000,9.100000
2,1,-10.556735,0.000028,-1.299996,-0.000007,0.750000,9.100000
0,0,1.958190,-1.350089,1.298398,0.063670,0.750000,9.150000
1,0,1.958192,1.350088,1.298398,-0.063670,0.750000,9.150000
2,1,-10.621735,0.000028,-1.299996,-0.000007,0.750000,9.150000
0,0,2.023110,-1.346906,1.298397,0.063654,0.750000,9.200000
1,0,2.023112,1.346905,1.298397,-0.063654,0.750000,9.200000
2,1,-10.686734,0.000027,-1.299996,-0.000007,0.750000,9.200000
0,0,2.088030,-1.343724,1.298397,0.063638,0.750000,9.250000
1,0,2.088032,1.343723,1.298397,-0.063637,0.750000,9.250000
2,1,-10.751734,0.000027,-1.299997,-0.000007,0.750000,9.250000
0,0,2.152949,-1.340543,1.298397,0.063620,0.750000,9.300000
1,0,2.152952,1.340542,1.298397,-0.063620,0.750000,9.300000
2,1,-10.816734,0.000027,-1.299997,-0.000007,0.750000,9.300000
0,0,2.217869,-1.337363,1.298397,0.063602,0.750000,9.350000
1,0,2.217871,1.337362,1.298397,-0.063602,0.750000,9.350000
2,1,-10.881734,0.000026,-1.299997,-0.000007,0.750000,9.350000
0,0,2.282789,-1.334184,1.298397,0.063584,0.750000,9.400000
1,0,2.282791,1.334183,1.298397,-0.063584,0.750000,9.400000
2,1,-10.946734,0.000026,-1.299998,-0.000007,0.750000,9.400000
0,0,2.347709,-1.331005,1.298396,0.063565,0.750000,9.450000
1,0,2.347711,1.331005,1.298396,-0.063565,0.750000,9.450000
2,1,-11.011734,0.000026,-1.299998,-0.000007,0.750000,9.450000
0,0,2.412629,-1.327828,1.298396,0.063546,0.750000,9.500000
1,0,2.412631,1.327827,1.298396,-0.063546,0.750000,9.500000
2,1,-11.076734,0.000025,-1.299998,-0.000007,0.750000,9.500000
0,0,2.477549,-1.324652,1.298396,0.063526,0.750000,9.550000
1,0,2.477551,1.324651,1.298396,-0.063526,0.750000,9.550000
2,1,-11.141734,0.000025,-1.299998,-0.000007,0.750000,9.550000
0,0,2.542468,-1.321477,1.298396,0.063505,0.750000,9.600000
1,0,2.542471,1.321476,1.298396,-0.063505,0.750000,9.600000
2,1,-11.206734,0.000025,-1.299998,-0.000007,0.750000,9.600000
0,0,2.607388,-1.318302,1.298395,0.063484,0.750000,9.650000
1,0,2.607390,1.318302,1.298395,-0.063484,0.750000,9.650000
2,1,-11.271733,0.000024,-1.299999,-0.000007,0.750000,9.650000
0,0,2.672308,-1.315129,1.298395,0.063462,0.750000,9.700000
1,0,2.672310,1.315128,1.298395,-0.063462,0.750000,9.700000
2,1,-11.336733,0.000024,-1.299999,-0.000007,0.750000,9.700000
0,0,2.737228,-1.311957,1.298394,0.063440,0.750000,9.750000
1,0,2.737230,1.311957,1.298394,-0.063440,0.750000,9.750000
2,1,-11.401733,0.000024,-1.299999,-0.000007,0.750000,9.750000
0,0,2.802147,-1.308786,1.298394,0.063417,0.750000,9.800000
1,0,2.802149,1.308786,1.298394,-0.063416,0.750000,9.800000
2,1,-11.466733,0.000023,-1.299999,-0.000007,0.750000,9.800000
0,0,2.867067,-1.305617,1.298394,0.063393,0.750000,9.850000
1,0,2.867069,1.305616,1.298394,-0.063393,0.750000,9.850000
2,1,-11.531733,0.000023,-1.299999,-0.000007,0.750000,9.850000
0,0,2.931987,-1.302448,1.298393,0.063368,0.750000,9.900000
1,0,2.931989,1.302448,1.298393,-0.063368,0.750000,9.900000
2,1,-11.596733,0.000023,-1.299999,-0.000007,0.750000,9.900000
0,0,2.996906,-1.299281,1.298393,0.063343,0.750000,9.950000
1,0,2.996908,1.299280,1.298393,-0.063343,0.750000,9.950000
2,1,-11.661733,0.000022,-1.299999,-0.000007,0.750000,9.950000
0,0,3.061826,-1.296115,1.298392,0.063318,0.750000,10.000000
1,0,3.061828,1.296115,1.298392,-0.063318,0.750000,10.000000
2,1,-11.726733,0.000022,-1.299999,-0.000007,0.750000,10.000000
0,0,3.126745,-1.292951,1.298392,0.063291,0.750000,10.050000
1,0,3.126748,1.292950,1.298392,-0.063291,0.750000,10.050000
2,1,-11.791733,0.000022,-1.299999,-0.000007,0.750000,10.050000
0,0,3.191665,-1.289788,1.298391,0.063264,0.750000,10.100000
1,0,3.191667,1.289787,1.298391,-0.063264,0.750000,10.100000
2,1,-11.856733,0.000021,-1.299999,-0.000007,0.750000,10.100000
0,0,3.256584,-1.286626,1.298390,0.063236,0.750000,10.150000
1,0,3.256587,1.286625,1.298390,-0.063236,0.750000,10.150000
2,1,-11.921733,0.000021,-1.300000,-0.000007,0.750000,10.150000
0,0,3.321504,-1.283465,1.298390,0.063208,0.750000,10.200000
1,0,3.321506,1.283465,1.298390,-0.063208,0.750000,10.200000
2,1,-11.986733,0.000021,-1.300000,-0.000007,0.750000,10.200000
0,0,3.386423,-1.280306,1.298389,0.063178,0.750000,10.250000
1,0,3.386426,1.280306,1.298389,-0.063178,0.750000,10.250000
2,1,-12.051733,0.000020,-1.300000,-0.000007,0.750000,10.250000
0,0,3.451343,-1.277149,1.298388,0.063148,0.750000,10.300000
1,0,3.451345,1.277148,1.298388,-0.063148,0.750000,10.300000
2,1,-12.116733,0.000020,-1.300000,-0.000007,0.750000,10.300000
0,0,3.516262,-1.273993,1.298388,0.063117,0.750000,10.350000
1,0,3.516264,1.273993,1.298388,-0.063117,0.750000,10.350000
2,1,-12.181733,0.000020,-1.300000,-0.000007,0.750000,10.350000
0,0,3.581182,-1.270839,1.298387,0.063085,0.750000,10.400000
1,0,3.581184,1.270838,1.298387,-0.063085,0.750000,10.400000
2,1,-12.246733,0.000019,-1.300000,-0.000007,0.750000,10.400000
0,0,3.646101,-1.267686,1.298386,0.063053,0.750000,10.450000
1,0,3.646103,1.267686,1.298386,-0.063053,0.750000,10.450000
2,1,-12.311733,0.000019,-1.300000,-0.000007,0.750000,10.450000
0,0,3.711020,-1.264535,1.298385,0.063019,0.750000,10.500000
1,0,3.711022,1.264535,1.298385,-0.063019,0.750000,10.500000
2,1,-12.376733,0.000019,-1.300000,-0.000007,0.750000,10.500000
0,0,3.775939,-1.261386,1.298385,0.062985,0.750000,10.550000
1,0,3.775942,1.261385,1.298385,-0.062985,0.750000,10.550000
2,1,-12.441733,0.000018,-1.300000,-0.000007,0.750000,10.550000
0,0,3.840859,-1.258239,1.298384,0.062950,0.750000,10.600000
1,0,3.840861,1.258238,1.298384,-0.062950,0.750000,10.600000
2,1,-12.506733,0.000018,-1.300000,-0.000007,0.750000,10.600000
0,0,3.905778,-1.255093,1.298383,0.062914,0.750000,10.650000
1,0,3.905780,1.255092,1.298383,-0.062914,0.750000,10.650000
2,1,-12.571733,0.000018,-1.300000,-0.000007,0.750000,10.650000
0,0,3.970697,-1.251949,1.298382,0.062877,0.750000,10.700000
1,0,3.970699,1.251948,1.298382,-0.062877,0.750000,10.700000
2,1,-12.636733,0.000017,-1.300000,-0.000007,0.750000,10.700000
0,0,4.035616,-1.248807,1.298381,0.062839,0.750000,10.750000
1,0,4.035618,1.248806,1.298381,-0.062839,0.750000,10.750000
2,1,-12.701733,0.000017,-1.300000,-0.000007,0.750000,10.750000
0,0,4.100535,-1.245667,1.298380,0.062800,0.750000,10.800000
1,0,4.100537,1.245666,1.298380,-0.062800,0.750000,10.800000
2,1,-12.766733,0.000017,-1.300000,-0.000007,0.750000,10.800000
0,0,4.165454,-1.242529,1.298379,0.062760,0.750000,10.850000
1,0,4.165456,1.242528,1.298379,-0.062760,0.750000,10.850000
2,1,-12.831733,0.000016,-1.300000,-0.000007,0.750000,10.850000
0,0,4.230373,-1.239393,1.298378,0.062720,0.750000,10.900000
1,0,4.230375,1.239392,1.298378,-0.062720,0.750000,10.900000
2,1,-12.896733,0.000016,-1.300000,-0.000007,0.750000,10.900000
0,0,4.295291,-1.236259,1.298376,0.062678,0.750000,10.950000
1,0,4.295294,1.236259,1.298376,-0.062678,0.750000,10.950000
2,1,-12.961733,0.000016,-1.300000,-0.000007,0.750000,10.950000
0,0,4.360210,-1.233127,1.298375,0.062635,0.750000,11.000000
1,0,4.360212,1.233127,1.298375,-0.062635,0.750000,11.000000
2,1,-13.026733,0.000015,-1.300000,-0.000007,0.750000,11.000000
0,0,4.425129,-1.229998,1.298374,0.062591,0.750000,11.050000
1,0,4.425131,1.229997,1.298374,-0.062591,0.750000,11.050000
2,1,-13.091733,0.000015,-1.300000,-0.000007,0.750000,11.050000
0,0,4.490048,-1.226870,1.298372,0.062546,0.750000,11.100000
1,0,4.490050,1.226870,1.298372,-0.062546,0.750000,11.100000
2,1,-13.156733,0.000015,-1.300000,-0.000007,0.750000,11.100000
0,0,4.554966,-1.223745,1.298371,0.062501,0.750000,11.150000
1,0,4.554968,1.223745,1.298371,-0.062500,0.750000,11.150000
2,1,-13.221733,0.000014,-1.300000,-0.000007,0.750000,11.150000
0,0,4.619885,-1.220623,1.298370,0.062454,0.750000,11.200000
1,0,4.619887,1.220622,1.298370,-0.062453,0.750000,11.200000
2,1,-13.286733,0.000014,-1.300000,-0.000007,0.750000,11.200000
0,0,4.684803,-1.217502,1.298368,0.062406,0.750000,11.250000
1,0,4.684805,1.217502,1.298368,-0.062405,0.750000,11.250000
2,1,-13.351733,0.000014,-1.300000,-0.000007,0.750000,11.250000
0,0,4.749721,-1.214385,1.298366,0.062356,0.750000,11.300000
1,0,4.749723,1.214384,1.298366,-0.062356,0.750000,11.300000
2,1,-13.416733,0.000013,-1.300000,-0.000007,0.750000,11.300000
0,0,4.814639,-1.211269,1.298365,0.062306,0.750000,11.350000
1,0,4.814642,1.211269,1.298365,-0.062306,0.750000,11.350000
2,1,-13.481733,0.000013,-1.300000,-0.000007,0.750000,11.350000
0,0,4.879558,-1.208157,1.298363,0.062255,0.750000,11.400000
1,0,4.879560,1.208156,1.298363,-0.062255,0.750000,11.400000
2,1,-13.546733,0.000013,-1.300000,-0.000007,0.750000,11.400000
0,0,4.944476,-1.205046,1.298361,0.062202,0.750000,11.450000
1,0,4.944478,1.205046,1.298361,-0.062202,0.750000,11.450000
2,1,-13.611733,0.000012,-1.300000,-0.000007,0.750000,11.450000
0,0,5.009394,-1.201939,1.298359,0.062149,0.750000,11.500000
1,0,5.009396,1.201939,1.298359,-0.062149,0.750000,11.500000
2,1,-13.676733,0.000012,-1.300000,-0.000007,0.750000,11.500000
0,0,5.074311,-1.198834,1.298357,0.062094,0.750000,11.550000
1,0,5.074314,1.198834,1.298357,-0.062094,0.750000,11.550000
2,1,-13.741733,0.000012,-1.300000,-0.000007,0.750000,11.550000
0,0,5.139229,-1.195732,1.298355,0.062038,0.750000,11.600000
1,0,5.139231,1.195732,1.298355,-0.062038,0.750000,11.600000
2,1,-13.806733,0.000011,-1.300000,-0.000007,0.750000,11.600000
0,0,5.204147,-1.192633,1.298353,0.061981,0.750000,11.650000
1,0,5.204149,1.192633,1.298353,-0.061981,0.750000,11.650000
2,1,-13.871733,0.000011,-1.300000,-0.000007,0.750000,11.650000
0,0,5.269064,-1.189537,1.298350,0.061923,0.750000,11.700000
1,0,5.269067,1.189537,1.298350,-0.061923,0.750000,11.700000
2,1,-13.936733,0.000011,-1.300000,-0.000007,0.750000,11.700000
0,0,5.333982,-1.186444,1.298348,0.061864,0.750000,11.750000
1,0,5.333984,1.186444,1.298348,-0.061864,0.750000,11.750000
2,1,-14.001733,0.000010,-1.300000,-0.000007,0.750000,11.750000
0,0,5.398899,-1.183354,1.298345,0.061804,0.750000,11.800000
1,0,5.398901,1.183353,1.298345,-0.061804,0.750000,11.800000
2,1,-14.066733,0.000010,-1.300000,-0.000007,0.750000,11.800000
0,0,5.463816,-1.180267,1.298343,0.061742,0.750000,11.850000
1,0,5.463818,1.180266,1.298343,-0.061742,0.750000,11.850000
2,1,-14.131733,0.000010,-1.300000,-0.000007,0.750000,11.850000
0,0,5.528733,-1.177183,1.298340,0.061680,0.750000,11.900000
1,0,5.528735,1.177182,1.298340,-0.061680,0.750000,11.900000
2,1,-14.196733,0.000009,-1.300000,-0.000007,0.750000,11.900000
0,0,5.593650,-1.174102,1.298337,0.061616,0.750000,11.950000
1,0,5.593652,1.174101,1.298337,-0.061616,0.750000,11.950000
2,1,-14.261733,0.000009,-1.300000,-0.000007,0.750000,11.950000
0,0,5.658567,-1.171024,1.298334,0.061552,0.750000,12.000000
1,0,5.658569,1.171024,1.298334,-0.061551,0.750000,12.000000
2,1,-14.326733,0.000009,-1.300000,-0.000007,0.750000,12.000000
0,0,5.723483,-1.167950,1.298330,0.061486,0.750000,12.050000
1,0,5.723485,1.167950,1.298330,-0.061486,0.750000,12.050000
2,1,-14.391733,0.000008,-1.300000,-0.000007,0.750000,12.050000
0,0,5.788400,-1.164879,1.298327,0.061419,0.750000,12.100000
1,0,5.788402,1.164879,1.298327,-0.061419,0.750000,12.100000
2,1,-14.456733,0.000008,-1.300000,-0.000007,0.750000,12.100000
0,0,5.853316,-1.161811,1.298323,0.061352,0.750000,12.150000
1,0,5.853318,1.161811,1.298323,-0.061352,0.750000,12.150000
2,1,-14.521733,0.000008,-1.300000,-0.000007,0.750000,12.150000
0,0,5.918232,-1.158747,1.298319,0.061283,0.750000,12.200000
1,0,5.918234,1.158747,1.298319,-0.061283,0.750000,12.200000
2,1,-14.586733,0.000007,-1.300000,-0.000007,0.750000,12.200000
0,0,5.983147,-1.155687,1.298315,0.061214,0.750000,12.250000
1,0,5.983150,1.155686,1.298315,-0.061214,0.750000,12.250000
2,1,-14.651733,0.000007,-1.300000,-0.000007,0.750000,12.250000
0,0,6.048063,-1.152629,1.298311,0.061144,0.750000,12.300000
1,0,6.048065,1.152629,1.298311,-0.061144,0.750000,12.300000
2,1,-14.716733,0.000007,-1.300000,-0.000007,0.750000,12.300000
0,0,6.112978,-1.149576,1.298306,0.061073,0.750000,12.350000
1,0,6.112981,1.149575,1.298306,-0.061073,0.750000,12.350000
2,1,-14.781733,0.000006,-1.300000,-0.000007,0.750000,12.350000
0,0,6.177893,-1.146526,1.298302,0.061002,0.750000,12.400000
1,0,6.177896,1.146525,1.298302,-0.061002,0.750000,12.400000
2,1,-14.846733,0.000006,-1.300000,-0.000007,0.750000,12.400000
0,0,6.242808,-1.143479,1.298297,0.060930,0.750000,12.450000
1,0,6.242810,1.143479,1.298297,-0.060930,0.750000,12.450000
2,1,-14.911733,0.000006,-1.300000,-0.000007,0.750000,12.450000
0,0,6.307723,-1.140436,1.298291,0.060858,0.750000,12.500000
1,0,6.307725,1.140436,1.298291,-0.060858,0.750000,12.500000
2,1,-14.976733,0.000005,-1.300000,-0.000007,0.750000,12.500000
0,0,6.372637,-1.137397,1.298286,0.060786,0.750000,12.550000
1,0,6.372639,1.137397,1.298286,-0.060785,0.750000,12.550000
0,0,6.437551,-1.134361,1.298280,0.060713,0.750000,12.600000
1,0,6.437553,1.134361,1.298280,-0.060713,0.750000,12.600000
0,0,6.502465,-1.131329,1.298273,0.060640,0.750000,12.650000
1,0,6.502467,1.131329,1.298273,-0.060640,0.750000,12.650000
0,0,6.567378,-1.128301,1.298267,0.060568,0.750000,12.700000
1,0,6.567380,1.128301,1.298267,-0.060568,0.750000,12.700000
0,0,6.632291,-1.125276,1.298260,0.060496,0.750000,12.750000
1,0,6.632293,1.125276,1.298260,-0.060496,0.750000,12.750000
0,0,6.697204,-1.122255,1.298252,0.060424,0.750000,12.800000
1,0,6.697206,1.122255,1.298252,-0.060424,0.750000,12.800000
0,0,6.762116,-1.119237,1.298244,0.060354,0.750000,12.850000
1,0,6.762118,1.119237,1.298244,-0.060354,0.750000,12.850000
0,0,6.827028,-1.116223,1.298235,0.060284,0.750000,12.900000
1,0,6.827030,1.116223,1.298236,-0.060284,0.750000,12.900000
0,0,6.891939,-1.113212,1.298226,0.060216,0.750000,12.950000
1,0,6.891941,1.113212,1.298226,-0.060216,0.750000,12.950000
0,0,6.956850,-1.110205,1.298217,0.060150,0.750000,13.000000
1,0,6.956852,1.110204,1.298217,-0.060150,0.750000,13.000000
0,0,7.021760,-1.107200,1.298206,0.060086,0.750000,13.050000
1,0,7.021762,1.107200,1.298206,-0.060086,0.750000,13.050000
0,0,7.086670,-1.104199,1.298195,0.060025,0.750000,13.100000
1,0,7.086672,1.104199,1.298195,-0.060025,0.750000,13.100000
0,0,7.151579,-1.101201,1.298183,0.059967,0.750000,13.150000
1,0,7.151581,1.101200,1.298183,-0.059967,0.750000,13.150000
0,0,7.216488,-1.098205,1.298171,0.059913,0.750000,13.200000
1,0,7.216490,1.098205,1.298171,-0.059913,0.750000,13.200000
0,0,7.281395,-1.095212,1.298157,0.059863,0.750000,13.250000
1,0,7.281398,1.095212,1.298157,-0.059863,0.750000,13.250000
0,0,7.346302,-1.092221,1.298142,0.059818,0.750000,13.300000
1,0,7.346305,1.092221,1.298142,-0.059818,0.750000,13.300000
0,0,7.411209,-1.089232,1.298126,0.059780,0.750000,13.350000
1,0,7.411211,1.089232,1.298126,-0.059779,0.750000,13.350000
0,0,7.476114,-1.086245,1.298109,0.059748,0.750000,13.400000
1,0,7.476117,1.086244,1.298109,-0.059748,0.750000,13.400000
0,0,7.541019,-1.083258,1.298090,0.059725,0.750000,13.450000
1,0,7.541021,1.083258,1.298091,-0.059725,0.750000,13.450000
0,0,7.605922,-1.080273,1.298070,0.059711,0.750000,13.500000
1,0,7.605925,1.080273,1.298070,-0.059711,0.750000,13.500000
0,0,7.670825,-1.077287,1.298048,0.059708,0.750000,13.550000
1,0,7.670827,1.077287,1.298048,-0.059708,0.750000,13.550000
0,0,7.735726,-1.074301,1.298024,0.059719,0.750000,13.600000
1,0,7.735728,1.074301,1.298024,-0.059719,0.750000,13.600000
0,0,7.800626,-1.071314,1.297998,0.059744,0.750000,13.650000
1,0,7.800628,1.071314,1.297998,-0.059744,0.750000,13.650000
0,0,7.865524,-1.068325,1.297969,0.059787,0.750000,13.700000
1,0,7.865527,1.068325,1.297969,-0.059787,0.750000,13.700000
0,0,7.930421,-1.065332,1.297937,0.059851,0.750000,13.750000
1,0,7.930423,1.065332,1.297937,-0.059851,0.750000,13.750000
0,0,7.995316,-1.062335,1.297901,0.059939,0.750000,13.800000
1,0,7.995318,1.062335,1.297901,-0.059939,0.750000,13.800000
